Workbook

Sheet AWC
A1: Average weighted Calculator | O1: Average weighted fund charge
A3: Funds | G3: Value of Fund | I3: AMC | K3: Expense £ AMT | O3: =K29/G29 -> 0.0095788814
A4: Pru | G4: 136071 | I4: 0.0095 | K4: =G4*I4 -> 1292.6745
A5: Standard Life | G5: 25488 | I5: 0.01 | K5: =G5*I5 -> 254.88
K6: =G6*I6 -> 0
K7: =G7*I7 -> 0
K8: =G8*I8 -> 0
K9: =G9*I9 -> 0
G10: 0 | I10: 0 | K10: =G10*I10 -> 0
G11: 0 | I11: 0 | K11: =G11*I11 -> 0
G12: 0 | I12: 0 | K12: =G12*I12 -> 0
G13: 0 | I13: 0 | K13: =G13*I13 -> 0
G14: 0 | I14: 0 | K14: =G14*I14 -> 0
G15: 0 | I15: 0 | K15: =G15*I15 -> 0
G16: 0 | I16: 0 | K16: =G16*I16 -> 0
G17: 0 | I17: 0 | K17: =G17*I17 -> 0
G18: 0 | I18: 0 | K18: =G18*I18 -> 0
G19: 0 | I19: 0 | K19: =G19*I19 -> 0
G20: 0 | I20: 0 | K20: =G20*I20 -> 0
G21: 0 | I21: 0 | K21: =G21*I21 -> 0
... G28: 0 | I28: 0 | K28: =G28*I28 -> 0
A29: Total's | G29: =SUM(G4:H28) -> 161559 | K29: =SUM(K4:L28) -> 1547.5545

Sheet Summary of plan charges 
A1: Summary of plan charges
E2: Current Total Value
A3: Platform | B3: Investment Management | C3: Total | E3: =AWC!G29 -> 161559
A4: 0.0021 | B4: 0.0024 | C4: =A4+B4 -> 0.0045
A5: =E3*A4 -> 339.2739 | B5: =E3*B4 -> 387.7416 | C5: =E3*C4 -> 727.0155

Sheet Pension Switch charges only
A1: Pension Switch Charges Only
A3: Current Plan | G3: Current Annual charge | K3: Impact of the recommended solution
A4: Name | D4: Value | G4: Percentage | I4: Value | K4: Percentage | M4: Value
A5: =AWC!A4 -> Pru | D5: =AWC!G4 -> 136071 | G5: =AWC!I4 -> 0.0095 | I5: =D5*G5 -> 1292.6745 | K5: {=G5-'Summary of plan charges '!C4:C4} -> 0.005 | M5: =D5*K5 -> 680.355
A6: =AWC!A5 -> Standard Life | D6: =AWC!G5 -> 25488 | G6: =AWC!I5 -> 0.01 | I6: =D6*G6 -> 254.88 | K6: {=G6-'Summary of plan charges '!C4:C4} -> 0.0055 | M6: =D6*K6 -> 140.184
A7: =AWC!A6 -> 0 | D7: =AWC!G6 -> 0 | G7: =AWC!I6 -> 0 | I7: =D7*G7 -> 0 | K7: {=G7-'Summary of plan charges '!C4:C4} -> -0.0045 | M7: =D7*K7 -> 0
A8: =AWC!A7 -> 0 | D8: =AWC!G7 -> 0 | G8: =AWC!I7 -> 0 | I8: =D8*G8 -> 0 | K8: {=G8-'Summary of plan charges '!C4:C4} -> -0.0045 | M8: =D8*K8 -> 0
A9: =AWC!A8 -> 0 | D9: =AWC!G8 -> 0 | G9: =AWC!I8 -> 0 | I9: =D9*G9 -> 0 | K9: {=G9-'Summary of plan charges '!C4:C4} -> -0.0045 | M9: =D9*K9 -> 0
A10: =AWC!A9 -> 0 | D10: =AWC!G9 -> 0 | G10: =AWC!I9 -> 0 | I10: =D10*G10 -> 0 | K10: {=G10-'Summary of plan charges '!C4:C4} -> -0.0045 | M10: =D10*K10 -> 0

Sheet Charge comparison
B1: Investment Switch Calculations
K2: Current Value
K3: =AWC!G29 -> 161559
B4: Like for Like Ex Adviser charge
B5: Current plan | F5: Proposed Plan | K5: Transfer amount
B6: Provider | D6: Mix | F6: Provider | H6: Aviva | K6: =K3*(1-D9) -> 161559
B7: Platform charge | D7: =AWC!O3 -> 0.0095788814 | F7: Platform charge | H7: ='Summary of plan charges '!A4 -> 0.0021
B8: Investment charge | D8: 0 | F8: Investment charge | H8: ='Summary of plan charges '!B4 -> 0.0024
B9: Exit Charge | D9: 0 | F9: Other | H9: 0
B10: Total Charge | D10: =SUM(D7:E8) -> 0.0095788814 | F10: Total Charge | H10: =SUM(H7:I9) -> 0.0045
B11: Charges difference | F11: =ROUND(D10-H10,4) -> 0.0051
B12: Like for Like Inc Adviser charge | K12: Ex Adviser charge
B13: Current plan | F13: Proposed Plan | K13: Performance (just charges)
B14: Provider | D14: Mix | F14: Provider | H14: Aviva | K14: =F11 -> 0.0051 | L14: =K6*F11 -> 823.9509
B15: Platform charge | D15: =D7 -> 0.0095788814 | F15: Platform charge | H15: =H7 -> 0.0021
B16: Investment charge | D16: =D8 -> 0 | F16: Investment charge | H16: =H8 -> 0.0024
B17: Exit Charge | D17: =D9 -> 0 | F17: Other | H17: =H9 -> 0
B18: IAF | D18: 0 | F18: IAF | H18: 0.03 | K18: Inc Adviser charge
B19: OAF | D19: 0 | F19: OAF | H19: 0.01 | K19: Performance (just charges)
B20: Total Charge | D20: =SUM(D15:E16)+D19 -> 0.0095788814 | F20: Total Charge | H20: =SUM(H15:I19) -> 0.0445 | K20: =F21 -> -0.0349 | L20: =K6*F21 -> -5638.4091
B21: Charges difference | F21: =ROUND(D20-H20,4) -> -0.0349

Sheet Our Charges 
B2: Transfer Value
B3: =AWC!G29 -> 161559
B6: IAF
B7: {=B3*'Charge comparison'!H18:I18} -> 4846.77 | C7: 0
B10: OAF
B11: {='Summary of plan charges '!E3*'Charge comparison'!H19:I19} -> 1615.59 | C11: 0
